ID,Health Priority
1,Improve physical fitness and exercise regularly
2,Lose weight and maintain a healthy diet
3,Manage stress and improve mental health
4,Improve sleep quality and consistency
5,Increase physical activity and reduce sedentary time
6,Improve cardiovascular health
7,Eat more fruits and vegetables
8,Manage chronic conditions more effectively
9,Reduce stress and anxiety
10,"Focus on preventive care and routine checkups, says doc@mydoctor.com"
11,Improve work-life balance
12,Increase strength and flexibility
13,Improve overall mental wellbeing
14,Adopt healthier eating habits
15,Improve sleep and reduce fatigue
16,Maintain a consistent exercise routine
17,Focus on mental health and self-care
18,Improve energy levels
19,Reduce sugar and processed foods
20,Improve physical endurance
21,Improve physical fitness and exercise regularly
22,Lose weight and maintain a healthy diet
23,Manage stress and improve mental health
24,Improve sleep quality and consistency
25,Increase physical activity and reduce sedentary time
26,Improve cardiovascular health
27,Eat more fruits and vegetables
28,Manage chronic conditions more effectively
29,Reduce stress and anxiety
30,Focus on preventive care and routine checkups
31,Improve work-life balance
32,Increase strength and flexibility
33,Improve overall mental wellbeing
34,Adopt healthier eating habits
35,Improve sleep and reduce fatigue
36,Maintain a consistent exercise routine
37,Focus on mental health and self-care
38,Improve energy levels
39,Reduce sugar and processed foods
40,Improve physical endurance
41,Improve physical fitness and exercise regularly
42,Lose weight and maintain a healthy diet
43,Manage stress and improve mental health
44,Improve sleep quality and consistency
45,Increase physical activity and reduce sedentary time
46,Improve cardiovascular health
47,Eat more fruits and vegetables
48,Manage chronic conditions more effectively
49,Reduce stress and anxiety
50,Focus on preventive care and routine checkups
51,Improve work-life balance
52,Increase strength and flexibility
53,Improve overall mental wellbeing
54,Adopt healthier eating habits
55,Improve sleep and reduce fatigue
56,Maintain a consistent exercise routine
57,Focus on mental health and self-care
58,Improve energy levels
59,Reduce sugar and processed foods
60,Improve physical endurance
61,Improve physical fitness and exercise regularly
62,Lose weight and maintain a healthy diet
63,Manage stress and improve mental health
64,Improve sleep quality and consistency
65,Increase physical activity and reduce sedentary time
66,Improve cardiovascular health
67,Eat more fruits and vegetables
68,Manage chronic conditions more effectively
69,Reduce stress and anxiety
70,Focus on preventive care and routine checkups
71,Improve work-life balance
72,Increase strength and flexibility
73,Improve overall mental wellbeing
74,Adopt healthier eating habits
75,Improve sleep and reduce fatigue
76,Maintain a consistent exercise routine
77,Focus on mental health and self-care
78,Improve energy levels
79,Reduce sugar and processed foods
80,Improve physical endurance
81,Improve physical fitness and exercise regularly
82,Lose weight and maintain a healthy diet
83,Manage stress and improve mental health
84,Improve sleep quality and consistency
85,Increase physical activity and reduce sedentary time
86,Improve cardiovascular health
87,Eat more fruits and vegetables
88,Manage chronic conditions more effectively
89,Reduce stress and anxiety
90,Focus on preventive care and routine checkups
91,Improve work-life balance
92,Increase strength and flexibility
93,Improve overall mental wellbeing
94,Adopt healthier eating habits
95,Improve sleep and reduce fatigue
96,Maintain a consistent exercise routine
97,Focus on mental health and self-care
98,Improve energy levels
99,Reduce sugar and processed foods
100,Improve physical endurance
101,Improve physical fitness and exercise regularly
102,Lose weight and maintain a healthy diet
103,Manage stress and improve mental health
104,Improve sleep quality and consistency
105,Increase physical activity and reduce sedentary time
106,Improve cardiovascular health
107,Eat more fruits and vegetables
108,Manage chronic conditions more effectively
109,Reduce stress and anxiety
110,Focus on preventive care and routine checkups
111,Improve work-life balance
112,Increase strength and flexibility
113,Improve overall mental wellbeing
114,Adopt healthier eating habits
115,Improve sleep and reduce fatigue
116,Maintain a consistent exercise routine
117,Focus on mental health and self-care
118,Improve energy levels
119,Reduce sugar and processed foods
120,Improve physical endurance
121,Improve physical fitness and exercise regularly
122,Lose weight and maintain a healthy diet
123,Manage stress and improve mental health
124,Improve sleep quality and consistency
125,Increase physical activity and reduce sedentary time
126,Improve cardiovascular health
127,Eat more fruits and vegetables
128,Manage chronic conditions more effectively
129,Reduce stress and anxiety
130,Focus on preventive care and routine checkups
131,Improve work-life balance
132,Increase strength and flexibility
133,Improve overall mental wellbeing
134,Adopt healthier eating habits
135,Improve sleep and reduce fatigue
136,Maintain a consistent exercise routine
137,Focus on mental health and self-care
138,Improve energy levels
139,Reduce sugar and processed foods
140,Improve physical endurance
141,Improve physical fitness and exercise regularly
142,Lose weight and maintain a healthy diet
143,Manage stress and improve mental health
144,Improve sleep quality and consistency
145,Increase physical activity and reduce sedentary time
146,Improve cardiovascular health
147,Eat more fruits and vegetables
148,Manage chronic conditions more effectively
149,Reduce stress and anxiety
150,Focus on preventive care and routine checkups
151,Improve work-life balance
152,Increase strength and flexibility
153,Improve overall mental wellbeing
154,Adopt healthier eating habits
155,Improve sleep and reduce fatigue
156,Maintain a consistent exercise routine
157,Focus on mental health and self-care
158,Improve energy levels
159,Reduce sugar and processed foods
160,Improve physical endurance
161,Improve physical fitness and exercise regularly
162,Lose weight and maintain a healthy diet
163,Manage stress and improve mental health
164,Improve sleep quality and consistency
165,Increase physical activity and reduce sedentary time
166,Improve cardiovascular health
167,Eat more fruits and vegetables
168,Manage chronic conditions more effectively
169,Reduce stress and anxiety
170,Focus on preventive care and routine checkups
171,Improve work-life balance
172,Increase strength and flexibility
173,Improve overall mental wellbeing
174,Adopt healthier eating habits
175,Improve sleep and reduce fatigue
176,Maintain a consistent exercise routine
177,Focus on mental health and self-care
178,Improve energy levels
179,Reduce sugar and processed foods
180,Improve physical endurance
181,Improve physical fitness and exercise regularly
182,Lose weight and maintain a healthy diet
183,Manage stress and improve mental health
184,Improve sleep quality and consistency
185,Increase physical activity and reduce sedentary time
186,Improve cardiovascular health
187,Eat more fruits and vegetables
188,Manage chronic conditions more effectively
189,Reduce stress and anxiety
190,Focus on preventive care and routine checkups
191,Improve work-life balance
192,Increase strength and flexibility
193,Improve overall mental wellbeing
194,Adopt healthier eating habits
195,Improve sleep and reduce fatigue
196,Maintain a consistent exercise routine
197,Focus on mental health and self-care
198,Improve energy levels
199,Reduce sugar and processed foods
200,Improve physical endurance
201,None
202,I don't have any
203,I don't have any
204,I don't have any
205,I don't have any
206,None
207,None
208,None
209,None
210,I have none
211,I have none
212,I have none
213,I don't have any
214,I don't have any
215,I don't have any
216,
217,
218,
219,
220,
221,
222,I don't have any
